<?xml version="1.0" encoding="utf-8"?>
<modification>
  <name>Review Extender</name> 
  <code>review_extender</code>
  <version>1.0</version>
  <author>Dmitriy Krotkov</author>
  <link></link>

<file path="catalog/model/catalog/review.php">

  <operation>
    <search trim="true"><![CDATA[
        public function getReviewsByProductId($product_id, $start = 0, $limit = 20) {
    ]]></search>
    <add position="before"><![CDATA[
        public function getRandomReviews($data) {
             $product_id = (int)$data["type"];
             $where = $product_id==-1?"":"AND p.product_id=$product_id";
             $query = $this->db->query("SELECT r.review_id, r.author, r.rating, r.text, p.product_id, pd.name, p.price, p.image, DATE(r.date_added) as date_added FROM " . DB_PREFIX . "review r LEFT JOIN " . DB_PREFIX . "product p ON (r.product_id = p.product_id) LEFT JOIN " . DB_PREFIX . "product_description pd ON (p.product_id = pd.product_id) WHERE p.date_available <= NOW() $where AND p.status = '1' AND r.status = '1' AND pd.language_id = '" . (int)$this->config->get('config_language_id') . "' AND r.rating>=" . (int)$data["rating"] . " ORDER BY rand() LIMIT " . (int)$data["limit"]);

             return $query->rows;
         }
    ]]></add>
  </operation>

<operation>
    <search trim="true"><![CDATA[
        $this->load->model('catalog/product');
    ]]></search>
    <add position="before"><![CDATA[
        if($product_id){
    ]]></add>
</operation>

<operation>
    <search trim="true"><![CDATA[
        $subject = sprintf($this->language->get('text_subject'), html_entity_decode($this->config->get('config_name'), ENT_QUOTES, 'UTF-8'));
    ]]></search>
    <add position="after"><![CDATA[
        }else{
            $this->load->language('extension/module/review_extender');
            $subject = sprintf($this->language->get('text_store_review'), html_entity_decode($this->config->get('config_name'), ENT_QUOTES, 'UTF-8'));
        }
    ]]></add>
</operation>

<operation>
    <search trim="true"><![CDATA[
        $message .= sprintf($this->language->get('text_product'), html_entity_decode($product_info['name'], ENT_QUOTES, 'UTF-8')) . "\n";
    ]]></search>
    <add position="replace"><![CDATA[
        if($product_id) $message .= sprintf($this->language->get('text_product'), html_entity_decode($product_info['name'], ENT_QUOTES, 'UTF-8')) . "\n";
    ]]></add>
</operation>
  
</file>

<file path="admin/model/catalog/review.php">

  <operation>
    <search trim="true"><![CDATA[
        $sql = "SELECT r.review_id, pd.name, r.author, r.rating, r.status, r.date_added FROM " . DB_PREFIX . "review r LEFT JOIN " . DB_PREFIX . "product_description pd ON (r.product_id = pd.product_id) WHERE pd.language_id = '" . (int)$this->config->get('config_language_id') . "'";
    ]]></search>
    <add position="replace"><![CDATA[
        $sql = "SELECT r.review_id, if(isnull(pd.name),'Store review',pd.name) as name, r.author, r.rating, r.status, r.date_added FROM " . DB_PREFIX . "review r LEFT JOIN " . DB_PREFIX . "product_description pd ON (r.product_id = pd.product_id) WHERE (pd.language_id = '" . (int)$this->config->get('config_language_id') . "' OR pd.language_id IS NULL)";
    ]]></add>
  </operation>

</file>

</modification>